{"param1": [[[0.383365988206412, 1.2498621829271377], [-1.244901257244384, -1.0039136769930566], [-0.1254572610167388, 1.8421049480924054], [-1.593316387290224, -1.5010418137472452], [-1.415288864523229, -0.6555345389501352], [3.0517086467835584, 3.0248209783026243], [-2.773003616549621, -2.745296501129441], [3.1447994690543024, 3.152451142684874], [1.4609237812270726, 0.7656698553263125], [1.4510439892900888, 1.3801419860072364], [-1.1738428947889068, -0.32127295886579305], [-0.7916129840212243, -0.6465632788743916], [-1.2240737701536084, -1.4929234934919955], [0.6535620836980527, 0.15024243750616623], [-1.8951713546843432, -1.7139930607661842], [-0.6533383635209201, -0.8139879111444299], [-0.5705961398013124, -0.6370668670009013], [0.6964009495302763, 0.06182385958747336], [-5.254683708466208, -5.281615344625979], [-1.9134726053181086, -1.7984630432876239], [0.15108982063471277, 1.220872211660269], [-0.8537808943947566, -1.3407172665206875], [0.9448520578055949, 1.3792917454735822], [-5.2561299236216374, -5.28304812473735], [2.645026944367518, 2.6169466544655866], [-2.293225127362855, -2.2596597239479386], [-1.1852947448927298, -0.7345533627759293], [3.294419396124018, 3.3321212682540122], [0.3545897151601449, 0.7997056381507964], [-2.219637157268814, -2.1805183660883705]], [[-0.8635626983196572, 1.5892164308938415, 0.3818643908057208, 2.347325109674065, 1.337206187191838, -4.559617474542676, 4.1552592422325665, -1.071418852511883, -1.5521352652074352, -2.1397170678446096, 0.4829060087200063, -1.2997235909753715, 2.0328137446377177, 0.4979854284051261, 2.7529224257253895, 0.6730409998704638, 0.24441450019357272, 0.6775390347821119, 2.63110230509277, 2.831895319675735, -0.4021869456480251, 1.5307772725790536, -1.6845192578000692, 2.6319542631147828, -3.9719175928575763, 3.4562914236637408, 1.241769059730414, -1.2327051211239277, -0.22125919563106589, 3.344724969145465]]], "param2": [[[-1.0821587359014002, 0.7335443697290029, -0.697223558273287, 1.5812994986044049, 1.2261596076539956, -7.199777533090144, 3.3738150777676985, 1.2298408372188696, -1.4130437255396684, -1.7501111886354328, 0.5408027855868732, -0.03542194975341367, 1.4267429717248732, -0.5340270611339533, 2.1047318168190046, 0.33396851717882836, 0.3089107618227303, -0.4049406871887313, -13.772054835175258, 2.2036554535797763, -0.8649711212084067, 0.829245477396696, -1.304678455776929, -13.663661006482648, -5.632671911935055, 2.3459354080177652, 0.7795636905675646, 1.4973339839904565, -0.8514956674280204, 2.407910277240087]], [[-0.659704257727784]]]}